{
  "project_info": {
    "project_number": "69400289301",
    "firebase_url": "https://final-339e6.firebaseio.com",
    "project_id": "final-339e6",
    "storage_bucket": "final-339e6.appspot.com"
  },
  "client": [
    {
      "client_info": {
        "mobilesdk_app_id": "1:69400289301:android:be9c0c9fc40eff61032e1c",
        "android_client_info": {
          "package_name": "com.example.myapplication"
        }
      },
      "oauth_client": [
        {
          "client_id": "69400289301-ovr8tndih597uuse658mbuplcve374ue.apps.googleusercontent.com",
          "client_type": 1,
          "android_info": {
            "package_name": "com.example.myapplication",
            "certificate_hash": "bb6a7570527ec38cd326368795d4a99e8da25f3f"
          }
        },
        {
          "client_id": "69400289301-0fbbk94sgdrgcqhe52lq9coi573cbkpq.apps.googleusercontent.com",
          "client_type": 3
        }
      ],
      "api_key": [
        {
          "current_key": "AIzaSyCcncjcIyzWdz_ujqz7xHNsmdpjfAhwv9w"
        }
      ],
      "services": {
        "appinvite_service": {
          "other_platform_oauth_client": [
            {
              "client_id": "69400289301-0fbbk94sgdrgcqhe52lq9coi573cbkpq.apps.googleusercontent.com",
              "client_type": 3
            }
          ]
        }
      }
    }
  ],
  "configuration_version": "1"
}